text,label
i want to become web developer,web_developer
become web developer,web_developer
web developer career,web_developer
frontend developer,web_developer
frontend engineer,web_developer
html css javascript developer,web_developer
website developer,web_developer
learn web development,web_developer
full stack web developer,fullstack_developer
full stack developer,fullstack_developer
mern stack developer,fullstack_developer
mean stack developer,fullstack_developer
become full stack developer,fullstack_developer
fullstack engineer,fullstack_developer
backend developer,backend_developer
node js developer,backend_developer
express developer,backend_developer
server side developer,backend_developer
api developer,backend_developer
become backend developer,backend_developer
data analyst,data_analyst
become data analyst,data_analyst
analytics career,data_analyst
sql and excel analyst,data_analyst
business analyst,data_analyst
power bi analyst,data_analyst
data scientist,data_scientist
become data scientist,data_scientist
machine learning scientist,data_scientist
ai data scientist,data_scientist
ml engineer,ml_engineer
machine learning engineer,ml_engineer
become ml engineer,ml_engineer
artificial intelligence engineer,ml_engineer
deep learning engineer,ml_engineer
python developer,python_developer
django developer,python_developer
flask developer,python_developer
become python developer,python_developer
software engineer,software_engineer
software developer,software_engineer
application developer,software_engineer
java developer,software_engineer
c++ developer,software_engineer
mobile app developer,mobile_app_developer
android developer,mobile_app_developer
ios developer,mobile_app_developer
flutter developer,mobile_app_developer
react native developer,mobile_app_developer
cyber security engineer,cybersecurity
ethical hacker,cybersecurity
penetration tester,cybersecurity
security analyst,cybersecurity
devops engineer,devops_engineer
cloud engineer,cloud_engineer
aws engineer,cloud_engineer
game developer,game_developer
unity developer,game_developer
blockchain developer,blockchain_developer